{
    "1000-False-False-ingredients": {
        "nb": {
            "model": "MultinomialNB()",
            "train_acc": 67.75802931088243,
            "test_acc": 66.04244694132333,
            "params": {
                "alpha": 1.0,
                "class_prior": null,
                "fit_prior": true
            },
            "precision": {
                "american": 0.5071633237822349,
                "asian": 0.7994011976047904,
                "french": 0.5862068965517241,
                "indian": 0.8653846153846154,
                "italian": 0.6076923076923076,
                "jewish": 1.0,
                "mexican": 0.8033707865168539,
                "middle_eastern": 0.9259259259259259
            },
            "recall": {
                "american": 0.59,
                "asian": 0.9270833333333334,
                "french": 0.5666666666666667,
                "indian": 0.5113636363636364,
                "italian": 0.79,
                "jewish": 0.13414634146341464,
                "mexican": 0.7486910994764397,
                "middle_eastern": 0.30120481927710846
            }
        }
    }
}