{
    "3000-True-True-all": {
        "mlp": {
            "model": "MLPClassifier(alpha=1, hidden_layer_sizes=(50,), learning_rate='adaptive',\n              learning_rate_init=0.0001, max_iter=1000, solver='sgd')",
            "train_acc": 87.77673838478329,
            "test_acc": 74.96878901373285,
            "params": {
                "activation": "relu",
                "alpha": 1,
                "batch_size": "auto",
                "beta_1": 0.9,
                "beta_2": 0.999,
                "early_stopping": false,
                "epsilon": 1e-08,
                "hidden_layer_sizes": [
                    50
                ],
                "learning_rate": "adaptive",
                "learning_rate_init": 0.0001,
                "max_fun": 15000,
                "max_iter": 1000,
                "momentum": 0.9,
                "n_iter_no_change": 10,
                "nesterovs_momentum": true,
                "power_t": 0.5,
                "random_state": null,
                "shuffle": true,
                "solver": "sgd",
                "tol": 0.0001,
                "validation_fraction": 0.1,
                "verbose": false,
                "warm_start": false
            },
            "precision": {
                "asian": 0.6290322580645161,
                "italian": 0.8831615120274914,
                "american": 0.6714285714285714,
                "mexican": 0.7654320987654321,
                "middle_eastern": 0.7331288343558282,
                "french": 0.8,
                "jewish": 0.8603351955307262,
                "indian": 0.7733333333333333
            },
            "recall": {
                "asian": 0.65,
                "italian": 0.8923611111111112,
                "american": 0.6962962962962963,
                "mexican": 0.7045454545454546,
                "middle_eastern": 0.7966666666666666,
                "french": 0.5853658536585366,
                "jewish": 0.806282722513089,
                "indian": 0.6987951807228916
            }
        }
    }
}